<?xml version="1.0" encoding="UTF-8"?>
<!--
 This is a WordPress eXtended RSS file generated by WordPress as an export of your site.
 It contains information about your site's posts, pages, comments, categories, and other content.
 You may use this file to transfer that content from one site to another.
 This file is not intended to serve as a complete backup of your site.

 To import this information into a WordPress site follow these steps:
 1. Log in to that site as an administrator.
 2. Go to Tools: Import in the WordPress admin panel.
 3. Install the "WordPress" importer from the list.
 4. Activate & Run Importer.
 5. Upload this file using the form provided on that page.
 6. You will first be asked to map the authors in this export file to users
    on the site. For each author, you may choose to map to an
    existing user on the site or to create a new user.
 7. WordPress will then import each of the posts, pages, comments, categories, etc.
    contained in this file into your site.
-->
<!-- generator="WordPress.com" created="2023-04-07 22:05"-->
<rss version="2.0" xmlns:excerpt="http://wordpress.org/export/1.2/excerpt/" xmlns:content="http://purl.org/rss/1.0/modules/content/" xmlns:wfw="http://wellformedweb.org/CommentAPI/" xmlns:dc="http://purl.org/dc/elements/1.1/" xmlns:wp="http://wordpress.org/export/1.2/">
  <channel>
<title>MCTV Limited</title>
<link>https://softwareproject7.wordpress.com</link>
<description/>
<pubDate>Fri, 07 Apr 2023 22:05:05 +0000</pubDate>
<language>en-GB</language>
<wp:wxr_version>1.2</wp:wxr_version>
<wp:base_site_url>http://wordpress.com/</wp:base_site_url>
<wp:base_blog_url>https://softwareproject7.wordpress.com</wp:base_blog_url>
<wp:author>
  <wp:author_id>233847311</wp:author_id>
  <wp:author_login>arriya302545</wp:author_login>
  <wp:author_email>arriya302545@gmail.com</wp:author_email>
  <wp:author_display_name><![CDATA[Arriya]]></wp:author_display_name>
  <wp:author_first_name><![CDATA[Arriya]]></wp:author_first_name>
  <wp:author_last_name><![CDATA[]]></wp:author_last_name>
</wp:author>
<wp:category>
  <wp:term_id>97</wp:term_id>
  <wp:category_nicename>uncategorized</wp:category_nicename>
  <wp:category_parent/>
  <wp:cat_name><![CDATA[Uncategorized]]></wp:cat_name>
</wp:category>
<generator>http://wordpress.com/</generator>
<image>
		<url>http://s0.wp.com/i/buttonw-com.png</url>
		<title>MCTV Limited</title>
		<link>https://softwareproject7.wordpress.com</link>
	</image>
	<item>
  <title><![CDATA[Custom Styles]]></title>
  <link>https://softwareproject7.wordpress.com/2023/04/06/wp-global-styles-pub%2fzoologist/</link>
  <pubDate>Thu, 06 Apr 2023 13:35:14 +0000</pubDate>
  <dc:creator>arriya302545</dc:creator>
  <guid isPermaLink="false">https://softwareproject7.wordpress.com/2023/04/06/wp-global-styles-pub%2fzoologist/</guid>
  <description/>
  <content:encoded><![CDATA[{"version":2,"isGlobalStylesUserThemeJSON":true}]]></content:encoded>
  <excerpt:encoded><![CDATA[]]></excerpt:encoded>
  <wp:post_id>4</wp:post_id>
  <wp:post_date>2023-04-06 14:35:14</wp:post_date>
  <wp:post_date_gmt>2023-04-06 13:35:14</wp:post_date_gmt>
  <wp:post_modified>2023-04-06 14:35:14</wp:post_modified>
  <wp:post_modified_gmt>2023-04-06 13:35:14</wp:post_modified_gmt>
  <wp:comment_status>closed</wp:comment_status>
  <wp:ping_status>closed</wp:ping_status>
  <wp:post_name>wp-global-styles-pub%2fzoologist</wp:post_name>
  <wp:status>publish</wp:status>
  <wp:post_parent>0</wp:post_parent>
  <wp:menu_order>0</wp:menu_order>
  <wp:post_type>wp_global_styles</wp:post_type>
  <wp:post_password/>
  <wp:is_sticky>0</wp:is_sticky>
  <category domain="wp_theme" nicename="zoologist"><![CDATA[zoologist]]></category>
  <wp:postmeta>
    <wp:meta_key>_publicize_pending</wp:meta_key>
    <wp:meta_value><![CDATA[1]]></wp:meta_value>
  </wp:postmeta>
</item>
<item>
  <title><![CDATA[Custom Styles]]></title>
  <link>https://softwareproject7.wordpress.com/2023/04/06/wp-global-styles-pub%2fadventurer/</link>
  <pubDate>Thu, 06 Apr 2023 15:30:45 +0000</pubDate>
  <dc:creator>arriya302545</dc:creator>
  <guid isPermaLink="false">https://softwareproject7.wordpress.com/2023/04/06/wp-global-styles-pub%2fadventurer/</guid>
  <description/>
  <content:encoded><![CDATA[{"version":2,"isGlobalStylesUserThemeJSON":true}]]></content:encoded>
  <excerpt:encoded><![CDATA[]]></excerpt:encoded>
  <wp:post_id>5</wp:post_id>
  <wp:post_date>2023-04-06 16:30:45</wp:post_date>
  <wp:post_date_gmt>2023-04-06 15:30:45</wp:post_date_gmt>
  <wp:post_modified>2023-04-06 16:30:45</wp:post_modified>
  <wp:post_modified_gmt>2023-04-06 15:30:45</wp:post_modified_gmt>
  <wp:comment_status>closed</wp:comment_status>
  <wp:ping_status>closed</wp:ping_status>
  <wp:post_name>wp-global-styles-pub%2fadventurer</wp:post_name>
  <wp:status>publish</wp:status>
  <wp:post_parent>0</wp:post_parent>
  <wp:menu_order>0</wp:menu_order>
  <wp:post_type>wp_global_styles</wp:post_type>
  <wp:post_password/>
  <wp:is_sticky>0</wp:is_sticky>
  <category domain="wp_theme" nicename="adventurer"><![CDATA[adventurer]]></category>
  <wp:postmeta>
    <wp:meta_key>_publicize_pending</wp:meta_key>
    <wp:meta_value><![CDATA[1]]></wp:meta_value>
  </wp:postmeta>
</item>
<item>
  <title><![CDATA[Sample Page]]></title>
  <link>https://softwareproject7.wordpress.com/sample-page/</link>
  <pubDate>Thu, 06 Apr 2023 12:05:02 +0000</pubDate>
  <dc:creator>arriya302545</dc:creator>
  <guid isPermaLink="false">https://softwareproject7.wordpress.com/sample-page/</guid>
  <description/>
  <content:encoded><![CDATA[<!-- wp:paragraph -->
<p>This is an example page. It's different from a blog post because it will stay in one place and will show up in your site navigation (in most themes). Most people start with an About page that introduces them to potential site visitors. It might say something like this:</p>
<!-- /wp:paragraph -->

<!-- wp:quote -->
<blockquote class="wp-block-quote"><!-- wp:paragraph -->
<p>Hi there! I'm a bike messenger by day, aspiring actor by night, and this is my website. I live in Los Angeles, have a great dog named Jack, and I like piña coladas. (And gettin' caught in the rain.)</p>
<!-- /wp:paragraph --></blockquote>
<!-- /wp:quote -->

<!-- wp:paragraph -->
<p>...or something like this:</p>
<!-- /wp:paragraph -->

<!-- wp:quote -->
<blockquote class="wp-block-quote"><!-- wp:paragraph -->
<p>The XYZ Doohickey Company was founded in 1971, and has been providing quality doohickeys to the public ever since. Located in Gotham City, XYZ employs over 2,000 people and does all kinds of awesome things for the Gotham community.</p>
<!-- /wp:paragraph --></blockquote>
<!-- /wp:quote -->

<!-- wp:paragraph -->
<p>As a new WordPress user, you should go to your dashboard to delete this page and create new pages for your content. Have fun!</p>
<!-- /wp:paragraph -->]]></content:encoded>
  <excerpt:encoded><![CDATA[]]></excerpt:encoded>
  <wp:post_id>2</wp:post_id>
  <wp:post_date>2023-04-06 13:05:02</wp:post_date>
  <wp:post_date_gmt>2023-04-06 12:05:02</wp:post_date_gmt>
  <wp:post_modified>2023-04-06 13:05:02</wp:post_modified>
  <wp:post_modified_gmt>2023-04-06 12:05:02</wp:post_modified_gmt>
  <wp:comment_status>closed</wp:comment_status>
  <wp:ping_status>closed</wp:ping_status>
  <wp:post_name>sample-page</wp:post_name>
  <wp:status>publish</wp:status>
  <wp:post_parent>0</wp:post_parent>
  <wp:menu_order>0</wp:menu_order>
  <wp:post_type>page</wp:post_type>
  <wp:post_password/>
  <wp:is_sticky>0</wp:is_sticky>
  <wp:postmeta>
    <wp:meta_key>_wp_page_template</wp:meta_key>
    <wp:meta_value><![CDATA[header-footer-only]]></wp:meta_value>
  </wp:postmeta>
  <wp:postmeta>
    <wp:meta_key>_headstart_post</wp:meta_key>
    <wp:meta_value><![CDATA[_hs_extra]]></wp:meta_value>
  </wp:postmeta>
  <wp:postmeta>
    <wp:meta_key>sharing_disabled</wp:meta_key>
    <wp:meta_value><![CDATA[a:1:{i:0;N;}]]></wp:meta_value>
  </wp:postmeta>
  <wp:postmeta>
    <wp:meta_key>switch_like_status</wp:meta_key>
    <wp:meta_value><![CDATA[a:1:{i:0;N;}]]></wp:meta_value>
  </wp:postmeta>
  <wp:postmeta>
    <wp:meta_key>_starter_page_template</wp:meta_key>
    <wp:meta_value><![CDATA[blank]]></wp:meta_value>
  </wp:postmeta>
  <wp:postmeta>
    <wp:meta_key>_hs_old_id</wp:meta_key>
    <wp:meta_value><![CDATA[29]]></wp:meta_value>
  </wp:postmeta>
  <wp:postmeta>
    <wp:meta_key>_wpas_skip_all_services</wp:meta_key>
    <wp:meta_value><![CDATA[1]]></wp:meta_value>
  </wp:postmeta>
  <wp:postmeta>
    <wp:meta_key>_publicize_pending</wp:meta_key>
    <wp:meta_value><![CDATA[1]]></wp:meta_value>
  </wp:postmeta>
  <wp:postmeta>
    <wp:meta_key>_checklist_post_type</wp:meta_key>
    <wp:meta_value><![CDATA[_hs_extra]]></wp:meta_value>
  </wp:postmeta>
</item>
<item>
  <title><![CDATA[Hello World!]]></title>
  <link>https://softwareproject7.wordpress.com/?p=3</link>
  <pubDate>Thu, 06 Apr 2023 12:05:01 +0000</pubDate>
  <dc:creator>arriya302545</dc:creator>
  <guid isPermaLink="false">https://softwareproject7.wordpress.com/2023/04/06/hello-world/</guid>
  <description/>
  <content:encoded><![CDATA[<!-- wp:paragraph -->
<p>Welcome to WordPress! This is your first post. Edit or delete it to take the first step in your blogging journey.</p>
<!-- /wp:paragraph -->]]></content:encoded>
  <excerpt:encoded><![CDATA[]]></excerpt:encoded>
  <wp:post_id>3</wp:post_id>
  <wp:post_date>2023-04-06 13:05:01</wp:post_date>
  <wp:post_date_gmt>2023-04-06 12:05:01</wp:post_date_gmt>
  <wp:post_modified>2023-04-06 17:41:33</wp:post_modified>
  <wp:post_modified_gmt>2023-04-06 16:41:33</wp:post_modified_gmt>
  <wp:comment_status>open</wp:comment_status>
  <wp:ping_status>open</wp:ping_status>
  <wp:post_name>hello-world__trashed</wp:post_name>
  <wp:status>trash</wp:status>
  <wp:post_parent>0</wp:post_parent>
  <wp:menu_order>0</wp:menu_order>
  <wp:post_type>post</wp:post_type>
  <wp:post_password/>
  <wp:is_sticky>0</wp:is_sticky>
  <category domain="category" nicename="uncategorized"><![CDATA[Uncategorized]]></category>
  <wp:postmeta>
    <wp:meta_key>sharing_disabled</wp:meta_key>
    <wp:meta_value><![CDATA[a:1:{i:0;N;}]]></wp:meta_value>
  </wp:postmeta>
  <wp:postmeta>
    <wp:meta_key>switch_like_status</wp:meta_key>
    <wp:meta_value><![CDATA[a:1:{i:0;N;}]]></wp:meta_value>
  </wp:postmeta>
  <wp:postmeta>
    <wp:meta_key>_starter_page_template</wp:meta_key>
    <wp:meta_value><![CDATA[]]></wp:meta_value>
  </wp:postmeta>
  <wp:postmeta>
    <wp:meta_key>_hs_old_id</wp:meta_key>
    <wp:meta_value><![CDATA[4]]></wp:meta_value>
  </wp:postmeta>
  <wp:postmeta>
    <wp:meta_key>_publicize_pending</wp:meta_key>
    <wp:meta_value><![CDATA[1]]></wp:meta_value>
  </wp:postmeta>
  <wp:postmeta>
    <wp:meta_key>_wp_trash_meta_status</wp:meta_key>
    <wp:meta_value><![CDATA[publish]]></wp:meta_value>
  </wp:postmeta>
  <wp:postmeta>
    <wp:meta_key>_wp_trash_meta_time</wp:meta_key>
    <wp:meta_value><![CDATA[1680799293]]></wp:meta_value>
  </wp:postmeta>
  <wp:postmeta>
    <wp:meta_key>_wp_desired_post_slug</wp:meta_key>
    <wp:meta_value><![CDATA[hello-world]]></wp:meta_value>
  </wp:postmeta>
</item>
<item>
  <title><![CDATA[Custom Styles]]></title>
  <link>https://softwareproject7.wordpress.com/2023/04/06/wp-global-styles-pub%2fquadrat-white/</link>
  <pubDate>Thu, 06 Apr 2023 16:26:19 +0000</pubDate>
  <dc:creator>arriya302545</dc:creator>
  <guid isPermaLink="false">https://softwareproject7.wordpress.com/2023/04/06/wp-global-styles-pub%2fquadrat-white/</guid>
  <description/>
  <content:encoded><![CDATA[{"version":2,"isGlobalStylesUserThemeJSON":true}]]></content:encoded>
  <excerpt:encoded><![CDATA[]]></excerpt:encoded>
  <wp:post_id>9</wp:post_id>
  <wp:post_date>2023-04-06 17:26:19</wp:post_date>
  <wp:post_date_gmt>2023-04-06 16:26:19</wp:post_date_gmt>
  <wp:post_modified>2023-04-06 17:26:19</wp:post_modified>
  <wp:post_modified_gmt>2023-04-06 16:26:19</wp:post_modified_gmt>
  <wp:comment_status>closed</wp:comment_status>
  <wp:ping_status>closed</wp:ping_status>
  <wp:post_name>wp-global-styles-pub%2fquadrat-white</wp:post_name>
  <wp:status>publish</wp:status>
  <wp:post_parent>0</wp:post_parent>
  <wp:menu_order>0</wp:menu_order>
  <wp:post_type>wp_global_styles</wp:post_type>
  <wp:post_password/>
  <wp:is_sticky>0</wp:is_sticky>
  <category domain="wp_theme" nicename="quadrat-white"><![CDATA[quadrat-white]]></category>
  <wp:postmeta>
    <wp:meta_key>_publicize_pending</wp:meta_key>
    <wp:meta_value><![CDATA[1]]></wp:meta_value>
  </wp:postmeta>
</item>
<item>
  <title><![CDATA[Description]]></title>
  <link>https://softwareproject7.wordpress.com/?page_id=12</link>
  <pubDate>Thu, 06 Apr 2023 16:49:28 +0000</pubDate>
  <dc:creator>arriya302545</dc:creator>
  <guid isPermaLink="false">https://softwareproject7.wordpress.com/?page_id=12</guid>
  <description/>
  <content:encoded><![CDATA[<!-- wp:image {"id":16,"width":516,"height":287,"sizeSlug":"large","linkDestination":"none"} -->
<figure class="wp-block-image size-large is-resized"><img src="https://softwareproject7.files.wordpress.com/2023/04/image-1.png?w=768" alt="" class="wp-image-16" width="516" height="287" /></figure>
<!-- /wp:image -->

<!-- wp:paragraph -->
<p>MCTV Limited is a small retail company based in Limerick with a turnover of €1 million per annum &amp; Staff of five people that is in the business of selling televisions. The company was established by </p>
<!-- /wp:paragraph -->

<!-- wp:paragraph -->
<p>Michael Cooney  and his Wife Doreen and has been trading for over twenty years as a private limited family run company.</p>
<!-- /wp:paragraph -->]]></content:encoded>
  <excerpt:encoded><![CDATA[]]></excerpt:encoded>
  <wp:post_id>12</wp:post_id>
  <wp:post_date>2023-04-06 17:49:28</wp:post_date>
  <wp:post_date_gmt>2023-04-06 16:49:28</wp:post_date_gmt>
  <wp:post_modified>2023-04-06 17:49:28</wp:post_modified>
  <wp:post_modified_gmt>2023-04-06 16:49:28</wp:post_modified_gmt>
  <wp:comment_status>closed</wp:comment_status>
  <wp:ping_status>closed</wp:ping_status>
  <wp:post_name>description</wp:post_name>
  <wp:status>private</wp:status>
  <wp:post_parent>0</wp:post_parent>
  <wp:menu_order>0</wp:menu_order>
  <wp:post_type>page</wp:post_type>
  <wp:post_password/>
  <wp:is_sticky>0</wp:is_sticky>
  <wp:postmeta>
    <wp:meta_key>_last_editor_used_jetpack</wp:meta_key>
    <wp:meta_value><![CDATA[block-editor]]></wp:meta_value>
  </wp:postmeta>
  <wp:postmeta>
    <wp:meta_key>jetpack_seo_noindex</wp:meta_key>
    <wp:meta_value><![CDATA[]]></wp:meta_value>
  </wp:postmeta>
  <wp:postmeta>
    <wp:meta_key>_jetpack_post_was_ever_published</wp:meta_key>
    <wp:meta_value><![CDATA[]]></wp:meta_value>
  </wp:postmeta>
  <wp:postmeta>
    <wp:meta_key>_starter_page_template</wp:meta_key>
    <wp:meta_value><![CDATA[about-me-2]]></wp:meta_value>
  </wp:postmeta>
</item>
<item>
  <title><![CDATA[image]]></title>
  <link>https://softwareproject7.wordpress.com/?attachment_id=14</link>
  <pubDate>Thu, 06 Apr 2023 16:44:42 +0000</pubDate>
  <dc:creator>arriya302545</dc:creator>
  <guid isPermaLink="false">http://softwareproject7.files.wordpress.com/2023/04/image.png</guid>
  <description/>
  <content:encoded><![CDATA[]]></content:encoded>
  <excerpt:encoded><![CDATA[]]></excerpt:encoded>
  <wp:post_id>14</wp:post_id>
  <wp:post_date>2023-04-06 17:44:42</wp:post_date>
  <wp:post_date_gmt>2023-04-06 16:44:42</wp:post_date_gmt>
  <wp:post_modified>2023-04-06 17:44:42</wp:post_modified>
  <wp:post_modified_gmt>2023-04-06 16:44:42</wp:post_modified_gmt>
  <wp:comment_status>open</wp:comment_status>
  <wp:ping_status>closed</wp:ping_status>
  <wp:post_name>image</wp:post_name>
  <wp:status>inherit</wp:status>
  <wp:post_parent>12</wp:post_parent>
  <wp:menu_order>0</wp:menu_order>
  <wp:post_type>attachment</wp:post_type>
  <wp:post_password/>
  <wp:is_sticky>0</wp:is_sticky>
  <wp:attachment_url>https://softwareproject7.files.wordpress.com/2023/04/image.png</wp:attachment_url>
  <wp:postmeta>
    <wp:meta_key>_wp_attached_file</wp:meta_key>
    <wp:meta_value><![CDATA[/home/wpcom/public_html/wp-content/blogs.dir/699/217581903/files/2023/04/image.png]]></wp:meta_value>
  </wp:postmeta>
  <wp:postmeta>
    <wp:meta_key>_wp_attachment_metadata</wp:meta_key>
    <wp:meta_value><![CDATA[a:6:{s:5:"width";i:768;s:6:"height";i:427;s:4:"file";s:82:"/home/wpcom/public_html/wp-content/blogs.dir/699/217581903/files/2023/04/image.png";s:8:"filesize";i:253397;s:5:"sizes";a:0:{}s:10:"image_meta";a:12:{s:8:"aperture";s:1:"0";s:6:"credit";s:0:"";s:6:"camera";s:0:"";s:7:"caption";s:0:"";s:17:"created_timestamp";s:1:"0";s:9:"copyright";s:0:"";s:12:"focal_length";s:1:"0";s:3:"iso";s:1:"0";s:13:"shutter_speed";s:1:"0";s:5:"title";s:0:"";s:11:"orientation";s:1:"0";s:8:"keywords";a:0:{}}}]]></wp:meta_value>
  </wp:postmeta>
</item>
<item>
  <title><![CDATA[image-1]]></title>
  <link>https://softwareproject7.wordpress.com/?attachment_id=16</link>
  <pubDate>Thu, 06 Apr 2023 16:45:15 +0000</pubDate>
  <dc:creator>arriya302545</dc:creator>
  <guid isPermaLink="false">http://softwareproject7.files.wordpress.com/2023/04/image-1.png</guid>
  <description/>
  <content:encoded><![CDATA[]]></content:encoded>
  <excerpt:encoded><![CDATA[]]></excerpt:encoded>
  <wp:post_id>16</wp:post_id>
  <wp:post_date>2023-04-06 17:45:15</wp:post_date>
  <wp:post_date_gmt>2023-04-06 16:45:15</wp:post_date_gmt>
  <wp:post_modified>2023-04-06 17:45:15</wp:post_modified>
  <wp:post_modified_gmt>2023-04-06 16:45:15</wp:post_modified_gmt>
  <wp:comment_status>open</wp:comment_status>
  <wp:ping_status>closed</wp:ping_status>
  <wp:post_name>image-1</wp:post_name>
  <wp:status>inherit</wp:status>
  <wp:post_parent>12</wp:post_parent>
  <wp:menu_order>0</wp:menu_order>
  <wp:post_type>attachment</wp:post_type>
  <wp:post_password/>
  <wp:is_sticky>0</wp:is_sticky>
  <wp:attachment_url>https://softwareproject7.files.wordpress.com/2023/04/image-1.png</wp:attachment_url>
  <wp:postmeta>
    <wp:meta_key>_wp_attached_file</wp:meta_key>
    <wp:meta_value><![CDATA[/home/wpcom/public_html/wp-content/blogs.dir/699/217581903/files/2023/04/image-1.png]]></wp:meta_value>
  </wp:postmeta>
  <wp:postmeta>
    <wp:meta_key>_wp_attachment_metadata</wp:meta_key>
    <wp:meta_value><![CDATA[a:6:{s:5:"width";i:768;s:6:"height";i:427;s:4:"file";s:84:"/home/wpcom/public_html/wp-content/blogs.dir/699/217581903/files/2023/04/image-1.png";s:8:"filesize";i:253397;s:5:"sizes";a:0:{}s:10:"image_meta";a:12:{s:8:"aperture";s:1:"0";s:6:"credit";s:0:"";s:6:"camera";s:0:"";s:7:"caption";s:0:"";s:17:"created_timestamp";s:1:"0";s:9:"copyright";s:0:"";s:12:"focal_length";s:1:"0";s:3:"iso";s:1:"0";s:13:"shutter_speed";s:1:"0";s:5:"title";s:0:"";s:11:"orientation";s:1:"0";s:8:"keywords";a:0:{}}}]]></wp:meta_value>
  </wp:postmeta>
</item>
<item>
  <title><![CDATA[Staff members]]></title>
  <link>https://softwareproject7.wordpress.com/?page_id=19</link>
  <pubDate>Thu, 06 Apr 2023 16:51:30 +0000</pubDate>
  <dc:creator>arriya302545</dc:creator>
  <guid isPermaLink="false">https://softwareproject7.wordpress.com/?page_id=19</guid>
  <description/>
  <content:encoded><![CDATA[]]></content:encoded>
  <excerpt:encoded><![CDATA[]]></excerpt:encoded>
  <wp:post_id>19</wp:post_id>
  <wp:post_date>2023-04-06 17:51:30</wp:post_date>
  <wp:post_date_gmt>2023-04-06 16:51:30</wp:post_date_gmt>
  <wp:post_modified>2023-04-06 17:51:30</wp:post_modified>
  <wp:post_modified_gmt>2023-04-06 16:51:30</wp:post_modified_gmt>
  <wp:comment_status>closed</wp:comment_status>
  <wp:ping_status>closed</wp:ping_status>
  <wp:post_name>staff-members</wp:post_name>
  <wp:status>private</wp:status>
  <wp:post_parent>0</wp:post_parent>
  <wp:menu_order>0</wp:menu_order>
  <wp:post_type>page</wp:post_type>
  <wp:post_password/>
  <wp:is_sticky>0</wp:is_sticky>
  <wp:postmeta>
    <wp:meta_key>_last_editor_used_jetpack</wp:meta_key>
    <wp:meta_value><![CDATA[block-editor]]></wp:meta_value>
  </wp:postmeta>
  <wp:postmeta>
    <wp:meta_key>jetpack_seo_noindex</wp:meta_key>
    <wp:meta_value><![CDATA[]]></wp:meta_value>
  </wp:postmeta>
  <wp:postmeta>
    <wp:meta_key>_jetpack_post_was_ever_published</wp:meta_key>
    <wp:meta_value><![CDATA[]]></wp:meta_value>
  </wp:postmeta>
  <wp:postmeta>
    <wp:meta_key>_starter_page_template</wp:meta_key>
    <wp:meta_value><![CDATA[blank]]></wp:meta_value>
  </wp:postmeta>
</item>
<item>
  <title><![CDATA[image-2]]></title>
  <link>https://softwareproject7.wordpress.com/image-2/</link>
  <pubDate>Thu, 06 Apr 2023 17:01:49 +0000</pubDate>
  <dc:creator>arriya302545</dc:creator>
  <guid isPermaLink="false">http://softwareproject7.files.wordpress.com/2023/04/image-2.png</guid>
  <description/>
  <content:encoded><![CDATA[]]></content:encoded>
  <excerpt:encoded><![CDATA[]]></excerpt:encoded>
  <wp:post_id>24</wp:post_id>
  <wp:post_date>2023-04-06 18:01:49</wp:post_date>
  <wp:post_date_gmt>2023-04-06 17:01:49</wp:post_date_gmt>
  <wp:post_modified>2023-04-06 18:01:49</wp:post_modified>
  <wp:post_modified_gmt>2023-04-06 17:01:49</wp:post_modified_gmt>
  <wp:comment_status>open</wp:comment_status>
  <wp:ping_status>closed</wp:ping_status>
  <wp:post_name>image-2</wp:post_name>
  <wp:status>inherit</wp:status>
  <wp:post_parent>0</wp:post_parent>
  <wp:menu_order>0</wp:menu_order>
  <wp:post_type>attachment</wp:post_type>
  <wp:post_password/>
  <wp:is_sticky>0</wp:is_sticky>
  <wp:attachment_url>https://softwareproject7.files.wordpress.com/2023/04/image-2.png</wp:attachment_url>
  <wp:postmeta>
    <wp:meta_key>_wp_attached_file</wp:meta_key>
    <wp:meta_value><![CDATA[/home/wpcom/public_html/wp-content/blogs.dir/699/217581903/files/2023/04/image-2.png]]></wp:meta_value>
  </wp:postmeta>
  <wp:postmeta>
    <wp:meta_key>_wp_attachment_metadata</wp:meta_key>
    <wp:meta_value><![CDATA[a:6:{s:5:"width";i:768;s:6:"height";i:427;s:4:"file";s:84:"/home/wpcom/public_html/wp-content/blogs.dir/699/217581903/files/2023/04/image-2.png";s:8:"filesize";i:253397;s:5:"sizes";a:0:{}s:10:"image_meta";a:12:{s:8:"aperture";s:1:"0";s:6:"credit";s:0:"";s:6:"camera";s:0:"";s:7:"caption";s:0:"";s:17:"created_timestamp";s:1:"0";s:9:"copyright";s:0:"";s:12:"focal_length";s:1:"0";s:3:"iso";s:1:"0";s:13:"shutter_speed";s:1:"0";s:5:"title";s:0:"";s:11:"orientation";s:1:"0";s:8:"keywords";a:0:{}}}]]></wp:meta_value>
  </wp:postmeta>
</item>
<item>
  <title><![CDATA[Header navigation]]></title>
  <link>https://softwareproject7.wordpress.com/?p=25</link>
  <pubDate/>
  <dc:creator>arriya302545</dc:creator>
  <guid isPermaLink="false">https://softwareproject7.wordpress.com/?p=25</guid>
  <description/>
  <content:encoded><![CDATA[<!-- wp:page-list /-->]]></content:encoded>
  <excerpt:encoded><![CDATA[]]></excerpt:encoded>
  <wp:post_id>25</wp:post_id>
  <wp:post_date>2023-04-06 18:02:09</wp:post_date>
  <wp:post_date_gmt>0000-00-00 00:00:00</wp:post_date_gmt>
  <wp:post_modified>2023-04-06 18:02:09</wp:post_modified>
  <wp:post_modified_gmt>0000-00-00 00:00:00</wp:post_modified_gmt>
  <wp:comment_status>closed</wp:comment_status>
  <wp:ping_status>closed</wp:ping_status>
  <wp:post_name/>
  <wp:status>draft</wp:status>
  <wp:post_parent>0</wp:post_parent>
  <wp:menu_order>0</wp:menu_order>
  <wp:post_type>wp_navigation</wp:post_type>
  <wp:post_password/>
  <wp:is_sticky>0</wp:is_sticky>
</item>
<item>
  <title><![CDATA[Header navigation 2]]></title>
  <link>https://softwareproject7.wordpress.com/?p=26</link>
  <pubDate/>
  <dc:creator>arriya302545</dc:creator>
  <guid isPermaLink="false">https://softwareproject7.wordpress.com/?p=26</guid>
  <description/>
  <content:encoded><![CDATA[<!-- wp:page-list /-->

<!-- wp:home-link /-->]]></content:encoded>
  <excerpt:encoded><![CDATA[]]></excerpt:encoded>
  <wp:post_id>26</wp:post_id>
  <wp:post_date>2023-04-06 18:05:13</wp:post_date>
  <wp:post_date_gmt>0000-00-00 00:00:00</wp:post_date_gmt>
  <wp:post_modified>2023-04-06 18:05:13</wp:post_modified>
  <wp:post_modified_gmt>0000-00-00 00:00:00</wp:post_modified_gmt>
  <wp:comment_status>closed</wp:comment_status>
  <wp:ping_status>closed</wp:ping_status>
  <wp:post_name/>
  <wp:status>draft</wp:status>
  <wp:post_parent>0</wp:post_parent>
  <wp:menu_order>0</wp:menu_order>
  <wp:post_type>wp_navigation</wp:post_type>
  <wp:post_password/>
  <wp:is_sticky>0</wp:is_sticky>
</item>
<item>
  <title><![CDATA[Header navigation 2]]></title>
  <link>https://softwareproject7.wordpress.com/?p=27</link>
  <pubDate/>
  <dc:creator>arriya302545</dc:creator>
  <guid isPermaLink="false">https://softwareproject7.wordpress.com/?p=27</guid>
  <description/>
  <content:encoded><![CDATA[<!-- wp:page-list /-->

<!-- wp:home-link {"label":"Home"} /-->]]></content:encoded>
  <excerpt:encoded><![CDATA[]]></excerpt:encoded>
  <wp:post_id>27</wp:post_id>
  <wp:post_date>2023-04-06 18:05:13</wp:post_date>
  <wp:post_date_gmt>0000-00-00 00:00:00</wp:post_date_gmt>
  <wp:post_modified>2023-04-06 18:05:13</wp:post_modified>
  <wp:post_modified_gmt>0000-00-00 00:00:00</wp:post_modified_gmt>
  <wp:comment_status>closed</wp:comment_status>
  <wp:ping_status>closed</wp:ping_status>
  <wp:post_name/>
  <wp:status>draft</wp:status>
  <wp:post_parent>0</wp:post_parent>
  <wp:menu_order>0</wp:menu_order>
  <wp:post_type>wp_navigation</wp:post_type>
  <wp:post_password/>
  <wp:is_sticky>0</wp:is_sticky>
</item>
<item>
  <title><![CDATA[Custom Styles]]></title>
  <link>https://softwareproject7.wordpress.com/2023/04/07/wp-global-styles-pub%2frainfall/</link>
  <pubDate>Fri, 07 Apr 2023 13:19:27 +0000</pubDate>
  <dc:creator>arriya302545</dc:creator>
  <guid isPermaLink="false">https://softwareproject7.wordpress.com/2023/04/07/wp-global-styles-pub%2frainfall/</guid>
  <description/>
  <content:encoded><![CDATA[{"version":2,"isGlobalStylesUserThemeJSON":true}]]></content:encoded>
  <excerpt:encoded><![CDATA[]]></excerpt:encoded>
  <wp:post_id>28</wp:post_id>
  <wp:post_date>2023-04-07 14:19:27</wp:post_date>
  <wp:post_date_gmt>2023-04-07 13:19:27</wp:post_date_gmt>
  <wp:post_modified>2023-04-07 14:19:27</wp:post_modified>
  <wp:post_modified_gmt>2023-04-07 13:19:27</wp:post_modified_gmt>
  <wp:comment_status>closed</wp:comment_status>
  <wp:ping_status>closed</wp:ping_status>
  <wp:post_name>wp-global-styles-pub%2frainfall</wp:post_name>
  <wp:status>publish</wp:status>
  <wp:post_parent>0</wp:post_parent>
  <wp:menu_order>0</wp:menu_order>
  <wp:post_type>wp_global_styles</wp:post_type>
  <wp:post_password/>
  <wp:is_sticky>0</wp:is_sticky>
  <category domain="wp_theme" nicename="rainfall"><![CDATA[rainfall]]></category>
  <wp:postmeta>
    <wp:meta_key>_publicize_pending</wp:meta_key>
    <wp:meta_value><![CDATA[1]]></wp:meta_value>
  </wp:postmeta>
</item>
<item>
  <title><![CDATA[Navigation]]></title>
  <link>https://softwareproject7.wordpress.com/2023/04/07/navigation/</link>
  <pubDate>Fri, 07 Apr 2023 13:50:24 +0000</pubDate>
  <dc:creator>arriya302545</dc:creator>
  <guid isPermaLink="false">https://softwareproject7.wordpress.com/?p=29</guid>
  <description/>
  <content:encoded><![CDATA[<!-- wp:page-list /-->]]></content:encoded>
  <excerpt:encoded><![CDATA[]]></excerpt:encoded>
  <wp:post_id>29</wp:post_id>
  <wp:post_date>2023-04-07 14:50:24</wp:post_date>
  <wp:post_date_gmt>2023-04-07 13:50:24</wp:post_date_gmt>
  <wp:post_modified>2023-04-07 14:50:24</wp:post_modified>
  <wp:post_modified_gmt>2023-04-07 13:50:24</wp:post_modified_gmt>
  <wp:comment_status>closed</wp:comment_status>
  <wp:ping_status>closed</wp:ping_status>
  <wp:post_name>navigation</wp:post_name>
  <wp:status>publish</wp:status>
  <wp:post_parent>0</wp:post_parent>
  <wp:menu_order>0</wp:menu_order>
  <wp:post_type>wp_navigation</wp:post_type>
  <wp:post_password/>
  <wp:is_sticky>0</wp:is_sticky>
  <wp:postmeta>
    <wp:meta_key>_publicize_pending</wp:meta_key>
    <wp:meta_value><![CDATA[1]]></wp:meta_value>
  </wp:postmeta>
</item>
<item>
  <title><![CDATA[image-3]]></title>
  <link>https://softwareproject7.wordpress.com/image-3/</link>
  <pubDate>Fri, 07 Apr 2023 13:22:13 +0000</pubDate>
  <dc:creator>arriya302545</dc:creator>
  <guid isPermaLink="false">http://softwareproject7.files.wordpress.com/2023/04/image-3.png</guid>
  <description/>
  <content:encoded><![CDATA[]]></content:encoded>
  <excerpt:encoded><![CDATA[]]></excerpt:encoded>
  <wp:post_id>30</wp:post_id>
  <wp:post_date>2023-04-07 14:22:13</wp:post_date>
  <wp:post_date_gmt>2023-04-07 13:22:13</wp:post_date_gmt>
  <wp:post_modified>2023-04-07 14:22:13</wp:post_modified>
  <wp:post_modified_gmt>2023-04-07 13:22:13</wp:post_modified_gmt>
  <wp:comment_status>open</wp:comment_status>
  <wp:ping_status>closed</wp:ping_status>
  <wp:post_name>image-3</wp:post_name>
  <wp:status>inherit</wp:status>
  <wp:post_parent>0</wp:post_parent>
  <wp:menu_order>0</wp:menu_order>
  <wp:post_type>attachment</wp:post_type>
  <wp:post_password/>
  <wp:is_sticky>0</wp:is_sticky>
  <wp:attachment_url>https://softwareproject7.files.wordpress.com/2023/04/image-3.png</wp:attachment_url>
  <wp:postmeta>
    <wp:meta_key>_wp_attached_file</wp:meta_key>
    <wp:meta_value><![CDATA[/home/wpcom/public_html/wp-content/blogs.dir/699/217581903/files/2023/04/image-3.png]]></wp:meta_value>
  </wp:postmeta>
  <wp:postmeta>
    <wp:meta_key>_wp_attachment_metadata</wp:meta_key>
    <wp:meta_value><![CDATA[a:6:{s:5:"width";i:1514;s:6:"height";i:755;s:4:"file";s:84:"/home/wpcom/public_html/wp-content/blogs.dir/699/217581903/files/2023/04/image-3.png";s:8:"filesize";i:51931;s:5:"sizes";a:0:{}s:10:"image_meta";a:12:{s:8:"aperture";s:1:"0";s:6:"credit";s:0:"";s:6:"camera";s:0:"";s:7:"caption";s:0:"";s:17:"created_timestamp";s:1:"0";s:9:"copyright";s:0:"";s:12:"focal_length";s:1:"0";s:3:"iso";s:1:"0";s:13:"shutter_speed";s:1:"0";s:5:"title";s:0:"";s:11:"orientation";s:1:"0";s:8:"keywords";a:0:{}}}]]></wp:meta_value>
  </wp:postmeta>
</item>
<item>
  <title><![CDATA[image-4]]></title>
  <link>https://softwareproject7.wordpress.com/image-4/</link>
  <pubDate>Fri, 07 Apr 2023 13:46:50 +0000</pubDate>
  <dc:creator>arriya302545</dc:creator>
  <guid isPermaLink="false">http://softwareproject7.files.wordpress.com/2023/04/image-4.png</guid>
  <description/>
  <content:encoded><![CDATA[]]></content:encoded>
  <excerpt:encoded><![CDATA[]]></excerpt:encoded>
  <wp:post_id>31</wp:post_id>
  <wp:post_date>2023-04-07 14:46:50</wp:post_date>
  <wp:post_date_gmt>2023-04-07 13:46:50</wp:post_date_gmt>
  <wp:post_modified>2023-04-07 14:46:50</wp:post_modified>
  <wp:post_modified_gmt>2023-04-07 13:46:50</wp:post_modified_gmt>
  <wp:comment_status>open</wp:comment_status>
  <wp:ping_status>closed</wp:ping_status>
  <wp:post_name>image-4</wp:post_name>
  <wp:status>inherit</wp:status>
  <wp:post_parent>0</wp:post_parent>
  <wp:menu_order>0</wp:menu_order>
  <wp:post_type>attachment</wp:post_type>
  <wp:post_password/>
  <wp:is_sticky>0</wp:is_sticky>
  <wp:attachment_url>https://softwareproject7.files.wordpress.com/2023/04/image-4.png</wp:attachment_url>
  <wp:postmeta>
    <wp:meta_key>_wp_attached_file</wp:meta_key>
    <wp:meta_value><![CDATA[/home/wpcom/public_html/wp-content/blogs.dir/699/217581903/files/2023/04/image-4.png]]></wp:meta_value>
  </wp:postmeta>
  <wp:postmeta>
    <wp:meta_key>_wp_attachment_metadata</wp:meta_key>
    <wp:meta_value><![CDATA[a:6:{s:5:"width";i:1440;s:6:"height";i:810;s:4:"file";s:84:"/home/wpcom/public_html/wp-content/blogs.dir/699/217581903/files/2023/04/image-4.png";s:8:"filesize";i:1319722;s:5:"sizes";a:0:{}s:10:"image_meta";a:12:{s:8:"aperture";s:1:"0";s:6:"credit";s:0:"";s:6:"camera";s:0:"";s:7:"caption";s:0:"";s:17:"created_timestamp";s:1:"0";s:9:"copyright";s:0:"";s:12:"focal_length";s:1:"0";s:3:"iso";s:1:"0";s:13:"shutter_speed";s:1:"0";s:5:"title";s:0:"";s:11:"orientation";s:1:"0";s:8:"keywords";a:0:{}}}]]></wp:meta_value>
  </wp:postmeta>
</item>
<item>
  <title><![CDATA[Navigation 2]]></title>
  <link>https://softwareproject7.wordpress.com/2023/04/07/navigation-2/</link>
  <pubDate>Fri, 07 Apr 2023 13:50:24 +0000</pubDate>
  <dc:creator>arriya302545</dc:creator>
  <guid isPermaLink="false">https://softwareproject7.wordpress.com/?p=32</guid>
  <description/>
  <content:encoded><![CDATA[<!-- wp:page-list /-->]]></content:encoded>
  <excerpt:encoded><![CDATA[]]></excerpt:encoded>
  <wp:post_id>32</wp:post_id>
  <wp:post_date>2023-04-07 14:50:24</wp:post_date>
  <wp:post_date_gmt>2023-04-07 13:50:24</wp:post_date_gmt>
  <wp:post_modified>2023-04-07 14:50:24</wp:post_modified>
  <wp:post_modified_gmt>2023-04-07 13:50:24</wp:post_modified_gmt>
  <wp:comment_status>closed</wp:comment_status>
  <wp:ping_status>closed</wp:ping_status>
  <wp:post_name>navigation-2</wp:post_name>
  <wp:status>publish</wp:status>
  <wp:post_parent>0</wp:post_parent>
  <wp:menu_order>0</wp:menu_order>
  <wp:post_type>wp_navigation</wp:post_type>
  <wp:post_password/>
  <wp:is_sticky>0</wp:is_sticky>
  <wp:postmeta>
    <wp:meta_key>_publicize_pending</wp:meta_key>
    <wp:meta_value><![CDATA[1]]></wp:meta_value>
  </wp:postmeta>
</item>
<item>
  <title><![CDATA[sidebar]]></title>
  <link>https://softwareproject7.wordpress.com/2023/04/07/sidebar/</link>
  <pubDate>Fri, 07 Apr 2023 13:50:24 +0000</pubDate>
  <dc:creator>arriya302545</dc:creator>
  <guid isPermaLink="false">https://softwareproject7.wordpress.com/2023/04/07/sidebar/</guid>
  <description/>
  <content:encoded><![CDATA[]]></content:encoded>
  <excerpt:encoded><![CDATA[]]></excerpt:encoded>
  <wp:post_id>33</wp:post_id>
  <wp:post_date>2023-04-07 14:50:24</wp:post_date>
  <wp:post_date_gmt>2023-04-07 13:50:24</wp:post_date_gmt>
  <wp:post_modified>2023-04-07 14:52:33</wp:post_modified>
  <wp:post_modified_gmt>2023-04-07 13:52:33</wp:post_modified_gmt>
  <wp:comment_status>closed</wp:comment_status>
  <wp:ping_status>closed</wp:ping_status>
  <wp:post_name>sidebar</wp:post_name>
  <wp:status>publish</wp:status>
  <wp:post_parent>0</wp:post_parent>
  <wp:menu_order>0</wp:menu_order>
  <wp:post_type>wp_template_part</wp:post_type>
  <wp:post_password/>
  <wp:is_sticky>0</wp:is_sticky>
  <category domain="wp_theme" nicename="rainfall"><![CDATA[rainfall]]></category>
  <category domain="wp_template_part_area" nicename="uncategorized"><![CDATA[uncategorized]]></category>
  <wp:postmeta>
    <wp:meta_key>origin</wp:meta_key>
    <wp:meta_value><![CDATA[theme]]></wp:meta_value>
  </wp:postmeta>
  <wp:postmeta>
    <wp:meta_key>_publicize_pending</wp:meta_key>
    <wp:meta_value><![CDATA[1]]></wp:meta_value>
  </wp:postmeta>
</item>
<item>
  <title><![CDATA[footer]]></title>
  <link>https://softwareproject7.wordpress.com/2023/04/07/footer/</link>
  <pubDate>Fri, 07 Apr 2023 13:50:24 +0000</pubDate>
  <dc:creator>arriya302545</dc:creator>
  <guid isPermaLink="false">https://softwareproject7.wordpress.com/2023/04/07/footer/</guid>
  <description/>
  <content:encoded><![CDATA[<!-- wp:group {"layout":{"type":"constrained"}} -->
<div class="wp-block-group"><!-- wp:group {"align":"full","style":{"spacing":{"padding":{"top":"var:preset|spacing|60","bottom":"var:preset|spacing|110"}}},"layout":{"type":"flex","flexWrap":"wrap","justifyContent":"space-between"}} -->
<div class="wp-block-group alignfull" style="padding-top:var(--wp--preset--spacing--60);padding-bottom:var(--wp--preset--spacing--110)"><!-- wp:site-title {"textAlign":"left","style":{"typography":{"textTransform":"uppercase"}},"fontSize":"small"} /-->

<!-- wp:group {"layout":{"type":"flex","flexWrap":"wrap","orientation":"horizontal"}} -->
<div class="wp-block-group"></div>
<!-- /wp:group --></div>
<!-- /wp:group --></div>
<!-- /wp:group -->]]></content:encoded>
  <excerpt:encoded><![CDATA[]]></excerpt:encoded>
  <wp:post_id>35</wp:post_id>
  <wp:post_date>2023-04-07 14:50:24</wp:post_date>
  <wp:post_date_gmt>2023-04-07 13:50:24</wp:post_date_gmt>
  <wp:post_modified>2023-04-07 14:52:33</wp:post_modified>
  <wp:post_modified_gmt>2023-04-07 13:52:33</wp:post_modified_gmt>
  <wp:comment_status>closed</wp:comment_status>
  <wp:ping_status>closed</wp:ping_status>
  <wp:post_name>footer</wp:post_name>
  <wp:status>publish</wp:status>
  <wp:post_parent>0</wp:post_parent>
  <wp:menu_order>0</wp:menu_order>
  <wp:post_type>wp_template_part</wp:post_type>
  <wp:post_password/>
  <wp:is_sticky>0</wp:is_sticky>
  <category domain="wp_theme" nicename="rainfall"><![CDATA[rainfall]]></category>
  <category domain="wp_template_part_area" nicename="uncategorized"><![CDATA[uncategorized]]></category>
  <wp:postmeta>
    <wp:meta_key>origin</wp:meta_key>
    <wp:meta_value><![CDATA[theme]]></wp:meta_value>
  </wp:postmeta>
  <wp:postmeta>
    <wp:meta_key>_publicize_pending</wp:meta_key>
    <wp:meta_value><![CDATA[1]]></wp:meta_value>
  </wp:postmeta>
</item>
<item>
  <title><![CDATA[header]]></title>
  <link>https://softwareproject7.wordpress.com/2023/04/07/header/</link>
  <pubDate>Fri, 07 Apr 2023 13:50:24 +0000</pubDate>
  <dc:creator>arriya302545</dc:creator>
  <guid isPermaLink="false">https://softwareproject7.wordpress.com/2023/04/07/header/</guid>
  <description/>
  <content:encoded><![CDATA[<!-- wp:group {"layout":{"type":"constrained"}} -->
<div class="wp-block-group"><!-- wp:group {"align":"full","style":{"spacing":{"padding":{"top":"var:preset|spacing|60","bottom":"var:preset|spacing|60"}}},"layout":{"type":"flex","justifyContent":"space-between"}} -->
<div class="wp-block-group alignfull" style="padding-top:var(--wp--preset--spacing--60);padding-bottom:var(--wp--preset--spacing--60)"><!-- wp:site-title {"style":{"typography":{"textTransform":"uppercase"}},"fontSize":"small"} /--></div>
<!-- /wp:group -->

<!-- wp:spacer {"height":"var(\u002d\u002dwp\u002d\u002dpreset\u002d\u002dspacing\u002d\u002d110)"} -->
<div style="height:var(--wp--preset--spacing--110)" aria-hidden="true" class="wp-block-spacer"></div>
<!-- /wp:spacer --></div>
<!-- /wp:group -->]]></content:encoded>
  <excerpt:encoded><![CDATA[]]></excerpt:encoded>
  <wp:post_id>36</wp:post_id>
  <wp:post_date>2023-04-07 14:50:24</wp:post_date>
  <wp:post_date_gmt>2023-04-07 13:50:24</wp:post_date_gmt>
  <wp:post_modified>2023-04-07 14:50:24</wp:post_modified>
  <wp:post_modified_gmt>2023-04-07 13:50:24</wp:post_modified_gmt>
  <wp:comment_status>closed</wp:comment_status>
  <wp:ping_status>closed</wp:ping_status>
  <wp:post_name>header</wp:post_name>
  <wp:status>publish</wp:status>
  <wp:post_parent>0</wp:post_parent>
  <wp:menu_order>0</wp:menu_order>
  <wp:post_type>wp_template_part</wp:post_type>
  <wp:post_password/>
  <wp:is_sticky>0</wp:is_sticky>
  <category domain="wp_theme" nicename="rainfall"><![CDATA[rainfall]]></category>
  <category domain="wp_template_part_area" nicename="uncategorized"><![CDATA[uncategorized]]></category>
  <wp:postmeta>
    <wp:meta_key>origin</wp:meta_key>
    <wp:meta_value><![CDATA[theme]]></wp:meta_value>
  </wp:postmeta>
  <wp:postmeta>
    <wp:meta_key>_publicize_pending</wp:meta_key>
    <wp:meta_value><![CDATA[1]]></wp:meta_value>
  </wp:postmeta>
</item>
<item>
  <title><![CDATA[Index]]></title>
  <link>https://softwareproject7.wordpress.com/2023/04/07/index/</link>
  <pubDate>Fri, 07 Apr 2023 13:50:24 +0000</pubDate>
  <dc:creator>arriya302545</dc:creator>
  <guid isPermaLink="false">https://softwareproject7.wordpress.com/2023/04/07/index/</guid>
  <description/>
  <content:encoded><![CDATA[<!-- wp:group {"backgroundColor":"orange"} -->
<div class="wp-block-group has-orange-background-color has-background"><!-- wp:template-part {"slug":"header","theme":"pub/rainfall"} /-->

<!-- wp:group {"layout":{"type":"constrained"}} -->
<div class="wp-block-group"><!-- wp:columns {"align":"full"} -->
<div class="wp-block-columns alignfull"><!-- wp:column {"width":"75%"} -->
<div class="wp-block-column" style="flex-basis:75%"><!-- wp:heading {"className":"indented-post-title","fontSize":"xx-large"} -->
<h2 class="wp-block-heading indented-post-title has-xx-large-font-size">MCTV LIMITEd</h2>
<!-- /wp:heading --></div>
<!-- /wp:column --></div>
<!-- /wp:columns -->

<!-- wp:columns {"align":"full"} -->
<div class="wp-block-columns alignfull"><!-- wp:column {"verticalAlignment":"bottom","width":"33.33%"} -->
<div class="wp-block-column is-vertically-aligned-bottom" style="flex-basis:33.33%"></div>
<!-- /wp:column -->

<!-- wp:column {"width":"66.66%"} -->
<div class="wp-block-column" style="flex-basis:66.66%"><!-- wp:image {"id":30,"sizeSlug":"large","linkDestination":"none"} -->
<figure class="wp-block-image size-large"><img src="https://softwareproject7.files.wordpress.com/2023/04/image-3.png?w=1024" alt="" class="wp-image-30" /></figure>
<!-- /wp:image --></div>
<!-- /wp:column --></div>
<!-- /wp:columns --></div>
<!-- /wp:group -->

<!-- wp:spacer {"height":"12px"} -->
<div style="height:12px" aria-hidden="true" class="wp-block-spacer"></div>
<!-- /wp:spacer --></div>
<!-- /wp:group -->

<!-- wp:group {"layout":{"inherit":true,"type":"constrained"}} -->
<div class="wp-block-group"><!-- wp:columns {"align":"wide","style":{"spacing":{"blockGap":"9.36rem"}}} -->
<div class="wp-block-columns alignwide"><!-- wp:column {"width":"70%","style":{"spacing":{"padding":{"top":"20px","right":"0","bottom":"20px","left":"0"}}}} -->
<div class="wp-block-column" style="padding-top:20px;padding-right:0;padding-bottom:20px;padding-left:0;flex-basis:70%"><!-- wp:heading {"style":{"spacing":{"margin":{"top":"0","right":"0","bottom":"0","left":"0"}}},"fontSize":"xx-large"} -->
<h2 class="wp-block-heading has-xx-large-font-size" style="margin-top:0;margin-right:0;margin-bottom:0;margin-left:0">Description</h2>
<!-- /wp:heading -->

<!-- wp:paragraph -->
<p>MCTV Limited is a small retail company based in Limerick with a turnover of €1 million per annum &amp; staff of five people that is in the business of selling televisions. The company was established by Michael Cooney and his wife Doreen and has been trading for over twenty years as a private limited family run company.</p>
<!-- /wp:paragraph -->

<!-- wp:separator -->
<hr class="wp-block-separator has-alpha-channel-opacity" />
<!-- /wp:separator --></div>
<!-- /wp:column -->

<!-- wp:column {"width":"30%","style":{"spacing":{"padding":{"top":"20px","right":"0","bottom":"20px","left":"0"}}}} -->
<div class="wp-block-column" style="padding-top:20px;padding-right:0;padding-bottom:20px;padding-left:0;flex-basis:30%"><!-- wp:template-part {"slug":"sidebar","theme":"pub/rainfall"} /--></div>
<!-- /wp:column --></div>
<!-- /wp:columns --></div>
<!-- /wp:group -->

<!-- wp:group {"style":{"elements":{"link":{"color":{"text":"var:preset|color|white"}}}},"backgroundColor":"black","textColor":"white","layout":{"type":"default"}} -->
<div class="wp-block-group has-white-color has-black-background-color has-text-color has-background has-link-color"><!-- wp:spacer {"height":"4rem"} -->
<div style="height:4rem" aria-hidden="true" class="wp-block-spacer"></div>
<!-- /wp:spacer -->

<!-- wp:group {"style":{"elements":{"link":{"color":{"text":"var:preset|color|white"}}},"spacing":{"padding":{"top":"var:preset|spacing|100","right":"var:preset|spacing|100","bottom":"var:preset|spacing|100","left":"var:preset|spacing|100"},"blockGap":"0"}},"backgroundColor":"black","textColor":"white","layout":{"type":"default"}} -->
<div class="wp-block-group has-white-color has-black-background-color has-text-color has-background has-link-color" style="padding-top:var(--wp--preset--spacing--100);padding-right:var(--wp--preset--spacing--100);padding-bottom:var(--wp--preset--spacing--100);padding-left:var(--wp--preset--spacing--100)"><!-- wp:group {"layout":{"type":"constrained"}} -->
<div class="wp-block-group"><!-- wp:group {"align":"wide","style":{"spacing":{"padding":{"bottom":"0rem","right":"0rem","left":"0rem","top":"0rem"}}},"backgroundColor":"black","layout":{"type":"default"}} -->
<div class="wp-block-group alignwide has-black-background-color has-background" style="padding-top:0rem;padding-right:0rem;padding-bottom:0rem;padding-left:0rem"><!-- wp:heading {"level":1,"textColor":"white"} -->
<h1 class="wp-block-heading has-white-color has-text-color">Role</h1>
<!-- /wp:heading -->

<!-- wp:columns -->
<div class="wp-block-columns"><!-- wp:column {"verticalAlignment":"center"} -->
<div class="wp-block-column is-vertically-aligned-center"><!-- wp:paragraph {"textColor":"white"} -->
<p class="has-white-color has-text-color">Derek is Sales &amp; Marketing his was the first to respond </p>
<!-- /wp:paragraph -->

<!-- wp:paragraph -->
<p>Mark as the IT manage</p>
<!-- /wp:paragraph -->

<!-- wp:paragraph -->
<p><strong>Mark</strong> as the IT Manager</p>
<!-- /wp:paragraph -->

<!-- wp:paragraph -->
<p><strong>Roberta</strong> as the Financial Accountant</p>
<!-- /wp:paragraph -->

<!-- wp:gallery {"linkTo":"none"} -->
<figure class="wp-block-gallery has-nested-images columns-default is-cropped"><!-- wp:image {"id":31,"sizeSlug":"large","linkDestination":"none"} -->
<figure class="wp-block-image size-large"><img src="https://softwareproject7.files.wordpress.com/2023/04/image-4.png?w=1024" alt="" class="wp-image-31" /></figure>
<!-- /wp:image --></figure>
<!-- /wp:gallery -->

<!-- wp:paragraph -->
<p></p>
<!-- /wp:paragraph --></div>
<!-- /wp:column -->

<!-- wp:column {"verticalAlignment":"center","width":"var(\u002d\u002dwp\u002d\u002dpreset\u002d\u002dspacing\u002d\u002d70)"} -->
<div class="wp-block-column is-vertically-aligned-center" style="flex-basis:var(--wp--preset--spacing--70)"></div>
<!-- /wp:column -->

<!-- wp:column {"verticalAlignment":"center"} -->
<div class="wp-block-column is-vertically-aligned-center"><!-- wp:buttons {"layout":{"type":"flex","justifyContent":"right"}} -->
<div class="wp-block-buttons"><!-- wp:button /--></div>
<!-- /wp:buttons --></div>
<!-- /wp:column --></div>
<!-- /wp:columns --></div>
<!-- /wp:group --></div>
<!-- /wp:group --></div>
<!-- /wp:group -->

<!-- wp:spacer {"height":"4rem"} -->
<div style="height:4rem" aria-hidden="true" class="wp-block-spacer"></div>
<!-- /wp:spacer -->

<!-- wp:template-part {"slug":"footer","theme":"pub/rainfall"} /--></div>
<!-- /wp:group -->]]></content:encoded>
  <excerpt:encoded><![CDATA[Used as a fallback template for all pages when a more specific template is not defined.]]></excerpt:encoded>
  <wp:post_id>38</wp:post_id>
  <wp:post_date>2023-04-07 14:50:24</wp:post_date>
  <wp:post_date_gmt>2023-04-07 13:50:24</wp:post_date_gmt>
  <wp:post_modified>2023-04-07 14:52:33</wp:post_modified>
  <wp:post_modified_gmt>2023-04-07 13:52:33</wp:post_modified_gmt>
  <wp:comment_status>closed</wp:comment_status>
  <wp:ping_status>closed</wp:ping_status>
  <wp:post_name>index</wp:post_name>
  <wp:status>publish</wp:status>
  <wp:post_parent>0</wp:post_parent>
  <wp:menu_order>0</wp:menu_order>
  <wp:post_type>wp_template</wp:post_type>
  <wp:post_password/>
  <wp:is_sticky>0</wp:is_sticky>
  <category domain="wp_theme" nicename="rainfall"><![CDATA[rainfall]]></category>
  <wp:postmeta>
    <wp:meta_key>origin</wp:meta_key>
    <wp:meta_value><![CDATA[theme]]></wp:meta_value>
  </wp:postmeta>
  <wp:postmeta>
    <wp:meta_key>_publicize_pending</wp:meta_key>
    <wp:meta_value><![CDATA[1]]></wp:meta_value>
  </wp:postmeta>
</item>
  </channel>
</rss>
